<?xml version="1.0" encoding="UTF-8"?>
<metadata xml:lang="en"><Esri><CreaDate>20190405</CreaDate><CreaTime>17030200</CreaTime><ArcGISFormat>1.0</ArcGISFormat><SyncOnce>TRUE</SyncOnce><DataProperties><itemProps><itemLocation><linkage Sync="TRUE">file://\\EED-RSLT111\C$\Users\jed124\Documents\nhlapi\project3\Countries_WGS84</linkage><protocol Sync="TRUE">Local Area Network</protocol></itemLocation></itemProps><copyHistory><copy source="C:\Users\jed124\Documents\nhlapi\Countries_WGS84" dest="\\EED-RSLT111\C$\Users\jed124\Documents\nhlapi\project3\Countries_WGS84" date="20190405" time="17030200"></copy></copyHistory></DataProperties></Esri></metadata>
